Workbook

Sheet FF25
A1: DATE | B1: s1b1 | C1: s1b2 | D1: s1b3 | E1: s1b4 | F1: s1b5 | G1: s2b1 | H1: s2b2 | I1: s2b3 | J1: s2b4 | K1: s2b5 | L1: s3b1 | M1: s3b2 | N1: s3b3 | O1: s3b4 | P1: s3b5 | Q1: s4b1 | R1: s4b2 | S1: s4b3 | T1: s4b4 | U1: s4b5 | V1: s5b1 | W1: s5b2 | X1: s5b3 | Y1: s5b4 | Z1: s5b5
A2: 10989 | B2: -0.027769 | C2: 0.100635 | D2: 0.218963 | E2: 0.118021 | F2: 0.109299 | G2: 0.078448 | H2: 0.120906 | I2: 0.089512 | J2: 0.047055 | K2: 0.145598 | L2: 0.096247 | M2: 0.106585 | N2: 0.041473 | O2: 0.063468 | P2: 0.041286 | Q2: 0.08452 | R2: 0.061191 | S2: 0.055736 | T2: 0.034816 | U2: 0.039395 | V2: 0.068371 | W2: 0.076055 | X2: 0.006769 | Y2: 0.049891 | Z2: -0.004104
A3: 11017 | B3: 0.169723 | C3: 0.142778 | D3: -0.018447 | E3: -0.014082 | F3: 0.02756 | G3: -0.019117 | H3: 0.023173 | I3: 0.041591 | J3: 0.014123 | K3: 0.05239 | L3: 0.017809 | M3: 0.031474 | N3: 0.028768 | O3: 0.028388 | P3: 0.028365 | Q3: 0.026019 | R3: 0.082043 | S3: -0.012895 | T3: 0.002799 | U3: 0.010041 | V3: 0.029883 | W3: 0.04548 | X3: 0.011713 | Y3: 0.014888 | Z3: 0.049676
A4: 11048 | B4: 0.228187 | C4: -0.018224 | D4: 0.090638 | E4: 0.167068 | F4: 0.117961 | G4: 0.062672 | H4: 0.046523 | I4: 0.14085 | J4: 0.08364 | K4: 0.055369 | L4: 0.095191 | M4: 0.084823 | N4: 0.063485 | O4: 0.096148 | P4: 0.141204 | Q4: 0.085857 | R4: 0.068098 | S4: 0.068329 | T4: 0.121547 | U4: 0.109418 | V4: 0.065076 | W4: 0.061455 | X4: 0.114727 | Y4: 0.044912 | Z4: 0.021312
A5: 11078 | B5: -0.069121 | C5: -0.048411 | D5: -0.064318 | E5: -0.077391 | F5: -0.053932 | G5: -0.088133 | H5: -0.04798 | I5: -0.031293 | J5: -0.038649 | K5: -0.051737 | L5: -0.038056 | M5: -0.043531 | N5: -0.050079 | O5: -0.031781 | P5: -0.024801 | Q5: -0.025085 | R5: -0.052473 | S5: -0.052602 | T5: -0.051203 | U5: -0.044542 | V5: -0.008256 | W5: -0.033276 | X5: 0.000444 | Y5: -0.061794 | Z5: -0.073356
A6: 11107 | B6: -0.024085 | C6: -0.134212 | D6: 0.020615 | E6: -0.051405 | F6: -0.062496 | G6: -0.058346 | H6: -0.015137 | I6: -0.052674 | J6: -0.043309 | K6: -0.025617 | L6: -0.036907 | M6: -0.005319 | N6: -0.032308 | O6: -0.030853 | P6: 0.003779 | Q6: -0.027179 | R6: -0.036175 | S6: -0.034578 | T6: -0.001329 | U6: -0.048121 | V6: 0.007935 | W6: 0.000636 | X6: -0.020419 | Y6: -0.015224 | Z6: -0.007952
A7: 11139 | B7: -0.134475 | C7: -0.198604 | D7: -0.180562 | E7: -0.152347 | F7: -0.209092 | G7: -0.237959 | H7: -0.175658 | I7: -0.167456 | J7: -0.173954 | K7: -0.187022 | L7: -0.144283 | M7: -0.179878 | N7: -0.138546 | O7: -0.144696 | P7: -0.175016 | Q7: -0.21489 | R7: -0.172509 | S7: -0.157879 | T7: -0.141465 | U7: -0.185017 | V7: -0.177473 | W7: -0.167821 | X7: -0.134031 | Y7: -0.095365 | Z7: -0.096586
A8: 11170 | B8: 0.026405 | C8: 0.040962 | D8: 0.129011 | E8: 0.028435 | F8: 0.012934 | G8: 0.078436 | H8: 0.063313 | I8: 0.049914 | J8: 0.028862 | K8: 0.008179 | L8: 0.062628 | M8: 0.05743 | N8: 0.033278 | O8: 0.048204 | P8: 0.0286 | Q8: 0.057445 | R8: 0.045614 | S8: 0.040613 | T8: 0.023203 | U8: -0.004418 | V8: 0.051503 | W8: 0.038587 | X8: 0.034147 | Y8: 0.024026 | Z8: 0.102405
A9: 11199 | B9: -0.09329 | C9: -0.085398 | D9: -0.032926 | E9: -0.05968 | F9: -0.036636 | G9: -0.037641 | H9: 0.003784 | I9: -0.008875 | J9: -0.026803 | K9: -0.009432 | L9: -0.026558 | M9: -0.012847 | N9: -0.018241 | O9: -0.011936 | P9: -0.011033 | Q9: 0.014117 | R9: -0.005815 | S9: -0.014286 | T9: -0.02565 | U9: 0.049078 | V9: 0.013738 | W9: -0.004376 | X9: 0.004483 | Y9: -0.015645 | Z9: -0.240437
A10: 11231 | B10: -0.308037 | C10: -0.337274 | D10: -0.29979 | E10: -0.193383 | F10: -0.195708 | G10: -0.144077 | H10: -0.142594 | I10: -0.144433 | J10: -0.156804 | K10: -0.197007 | L10: -0.126977 | M10: -0.146166 | N10: -0.120333 | O10: -0.15533 | P10: -0.217125 | Q10: -0.128516 | R10: -0.144169 | S10: -0.131091 | T10: -0.123893 | U10: -0.219445 | V10: -0.12615 | W10: -0.116709 | X10: -0.093752 | Y10: -0.146559 | Z10: -0.280576
A11: 11262 | B11: -0.318635 | C11: -0.092415 | D11: -0.068098 | E11: -0.14992 | F11: -0.101433 | G11: -0.06125 | H11: -0.114794 | I11: -0.103726 | J11: -0.097261 | K11: -0.083386 | L11: -0.138209 | M11: -0.089189 | N11: -0.059314 | O11: -0.114367 | P11: -0.187547 | Q11: -0.114962 | R11: -0.092923 | S11: -0.08205 | T11: -0.114848 | U11: -0.125795 | V11: -0.100306 | W11: -0.068773 | X11: -0.068661 | Y11: -0.08786 | Z11: -0.2
A12: 11291 | B12: 0.197776 | C12: -0.154883 | D12: -0.044972 | E12: -0.012823 | F12: -0.037321 | G12: -0.065242 | H12: 0.019767 | I12: -0.037353 | J12: -0.025188 | K12: -0.043808 | L12: -0.009718 | M12: -0.004854 | N12: -0.024579 | O12: 0.020941 | P12: -0.055072 | Q12: -0.00751 | R12: 0.007053 | S12: -0.023349 | T12: -0.053992 | U12: 0.020773 | V12: -0.024413 | W12: -0.014559 | X12: -0.049502 | Y12: -0.073212 | Z12: -0.125
A13: 11323 | B13: -0.183651 | C13: -0.251568 | D13: -0.243865 | E13: -0.142104 | F13: -0.169373 | G13: -0.142965 | H13: -0.1139 | I13: -0.129925 | J13: -0.165179 | K13: -0.186109 | L13: -0.050958 | M13: -0.090286 | N13: -0.076491 | O13: -0.115397 | P13: -0.175956 | Q13: -0.079587 | R13: -0.092379 | S13: -0.115567 | T13: -0.10021 | U13: -0.162478 | V13: -0.054135 | W13: -0.081122 | X13: -0.072986 | Y13: -0.108463 | Z13: -0.3
... A1138: 45565 | B1138: 0.019338 | C1138: 0.007913 | D1138: -0.017682 | E1138: -0.010711 | F1138: -0.00045 | G1138: 0.006807 | H1138: 0.014543 | I1138: 0.007696 | J1138: -0.005685 | K1138: -0.009433 | L1138: 0.04252 | M1138: 0.019283 | N1138: 0.015366 | O1138: 0.001712 | P1138: 0.002163 | Q1138: 0.033082 | R1138: 0.024837 | S1138: 0.011859 | T1138: 0.034747 | U1138: -0.013099 | V1138: 0.024242 | W1138: 0.039727 | X1138: 0.010617 | Y1138: -0.011418 | Z1138: -0.005379

Sheet FF25 Excess
A1: DATE | B1: s1b1 | C1: s1b2 | D1: s1b3 | E1: s1b4 | F1: s1b5 | G1: s2b1 | H1: s2b2 | I1: s2b3 | J1: s2b4 | K1: s2b5 | L1: s3b1 | M1: s3b2 | N1: s3b3 | O1: s3b4 | P1: s3b5 | Q1: s4b1 | R1: s4b2 | S1: s4b3 | T1: s4b4 | U1: s4b5 | V1: s5b1 | W1: s5b2 | X1: s5b3 | Y1: s5b4 | Z1: s5b5
A2: 10989 | B2: ='FF25'!B2-FF3F!$E2 -> -0.029169 | C2: ='FF25'!C2-FF3F!$E2 -> 0.099235 | D2: ='FF25'!D2-FF3F!$E2 -> 0.217563 | E2: ='FF25'!E2-FF3F!$E2 -> 0.116621 | F2: ='FF25'!F2-FF3F!$E2 -> 0.107899 | G2: ='FF25'!G2-FF3F!$E2 -> 0.077048 | H2: ='FF25'!H2-FF3F!$E2 -> 0.119506 | I2: ='FF25'!I2-FF3F!$E2 -> 0.088112 | ... Z2: ='FF25'!Z2-FF3F!$E2 -> -0.005504
A3: 11017 | B3: ='FF25'!B3-FF3F!$E3 -> 0.166723 | C3: ='FF25'!C3-FF3F!$E3 -> 0.139778 | D3: ='FF25'!D3-FF3F!$E3 -> -0.021447 | E3: ='FF25'!E3-FF3F!$E3 -> -0.017082 | F3: ='FF25'!F3-FF3F!$E3 -> 0.02456 | G3: ='FF25'!G3-FF3F!$E3 -> -0.022117 | H3: ='FF25'!H3-FF3F!$E3 -> 0.020173 | I3: ='FF25'!I3-FF3F!$E3 -> 0.038591 | ... Z3: ='FF25'!Z3-FF3F!$E3 -> 0.046676
A4: 11048 | B4: ='FF25'!B4-FF3F!$E4 -> 0.224687 | C4: ='FF25'!C4-FF3F!$E4 -> -0.021724 | D4: ='FF25'!D4-FF3F!$E4 -> 0.087138 | E4: ='FF25'!E4-FF3F!$E4 -> 0.163568 | F4: ='FF25'!F4-FF3F!$E4 -> 0.114461 | G4: ='FF25'!G4-FF3F!$E4 -> 0.059172 | H4: ='FF25'!H4-FF3F!$E4 -> 0.043023 | I4: ='FF25'!I4-FF3F!$E4 -> 0.13735 | ... Z4: ='FF25'!Z4-FF3F!$E4 -> 0.017812
A5: 11078 | B5: ='FF25'!B5-FF3F!$E5 -> -0.071221 | C5: ='FF25'!C5-FF3F!$E5 -> -0.050511 | D5: ='FF25'!D5-FF3F!$E5 -> -0.066418 | E5: ='FF25'!E5-FF3F!$E5 -> -0.079491 | F5: ='FF25'!F5-FF3F!$E5 -> -0.056032 | G5: ='FF25'!G5-FF3F!$E5 -> -0.090233 | H5: ='FF25'!H5-FF3F!$E5 -> -0.05008 | I5: ='FF25'!I5-FF3F!$E5 -> -0.033393 | ... Z5: ='FF25'!Z5-FF3F!$E5 -> -0.075456
A6: 11107 | B6: ='FF25'!B6-FF3F!$E6 -> -0.026685 | C6: ='FF25'!C6-FF3F!$E6 -> -0.136812 | D6: ='FF25'!D6-FF3F!$E6 -> 0.018015 | E6: ='FF25'!E6-FF3F!$E6 -> -0.054005 | F6: ='FF25'!F6-FF3F!$E6 -> -0.065096 | G6: ='FF25'!G6-FF3F!$E6 -> -0.060946 | H6: ='FF25'!H6-FF3F!$E6 -> -0.017737 | I6: ='FF25'!I6-FF3F!$E6 -> -0.055274 | ... Z6: ='FF25'!Z6-FF3F!$E6 -> -0.010552
A7: 11139 | B7: ='FF25'!B7-FF3F!$E7 -> -0.137175 | C7: ='FF25'!C7-FF3F!$E7 -> -0.201304 | D7: ='FF25'!D7-FF3F!$E7 -> -0.183262 | E7: ='FF25'!E7-FF3F!$E7 -> -0.155047 | F7: ='FF25'!F7-FF3F!$E7 -> -0.211792 | G7: ='FF25'!G7-FF3F!$E7 -> -0.240659 | H7: ='FF25'!H7-FF3F!$E7 -> -0.178358 | I7: ='FF25'!I7-FF3F!$E7 -> -0.170156 | ... Z7: ='FF25'!Z7-FF3F!$E7 -> -0.099286
A8: 11170 | B8: ='FF25'!B8-FF3F!$E8 -> 0.024405 | C8: ='FF25'!C8-FF3F!$E8 -> 0.038962 | D8: ='FF25'!D8-FF3F!$E8 -> 0.127011 | E8: ='FF25'!E8-FF3F!$E8 -> 0.026435 | F8: ='FF25'!F8-FF3F!$E8 -> 0.010934 | G8: ='FF25'!G8-FF3F!$E8 -> 0.076436 | H8: ='FF25'!H8-FF3F!$E8 -> 0.061313 | I8: ='FF25'!I8-FF3F!$E8 -> 0.047914 | ... Z8: ='FF25'!Z8-FF3F!$E8 -> 0.100405
A9: 11199 | B9: ='FF25'!B9-FF3F!$E9 -> -0.09419 | C9: ='FF25'!C9-FF3F!$E9 -> -0.086298 | D9: ='FF25'!D9-FF3F!$E9 -> -0.033826 | E9: ='FF25'!E9-FF3F!$E9 -> -0.06058 | F9: ='FF25'!F9-FF3F!$E9 -> -0.037536 | G9: ='FF25'!G9-FF3F!$E9 -> -0.038541 | H9: ='FF25'!H9-FF3F!$E9 -> 0.002884 | I9: ='FF25'!I9-FF3F!$E9 -> -0.009775 | ... Z9: ='FF25'!Z9-FF3F!$E9 -> -0.241337
A10: 11231 | B10: ='FF25'!B10-FF3F!$E10 -> -0.310237 | C10: ='FF25'!C10-FF3F!$E10 -> -0.339474 | D10: ='FF25'!D10-FF3F!$E10 -> -0.30199 | E10: ='FF25'!E10-FF3F!$E10 -> -0.195583 | F10: ='FF25'!F10-FF3F!$E10 -> -0.197908 | G10: ='FF25'!G10-FF3F!$E10 -> -0.146277 | H10: ='FF25'!H10-FF3F!$E10 -> -0.144794 | I10: ='FF25'!I10-FF3F!$E10 -> -0.146633 | ... Z10: ='FF25'!Z10-FF3F!$E10 -> -0.282776
A11: 11262 | B11: ='FF25'!B11-FF3F!$E11 -> -0.319535 | C11: ='FF25'!C11-FF3F!$E11 -> -0.093315 | D11: ='FF25'!D11-FF3F!$E11 -> -0.068998 | E11: ='FF25'!E11-FF3F!$E11 -> -0.15082 | F11: ='FF25'!F11-FF3F!$E11 -> -0.102333 | G11: ='FF25'!G11-FF3F!$E11 -> -0.06215 | H11: ='FF25'!H11-FF3F!$E11 -> -0.115694 | I11: ='FF25'!I11-FF3F!$E11 -> -0.104626 | ... Z11: ='FF25'!Z11-FF3F!$E11 -> -0.2009
A12: 11291 | B12: ='FF25'!B12-FF3F!$E12 -> 0.196476 | C12: ='FF25'!C12-FF3F!$E12 -> -0.156183 | D12: ='FF25'!D12-FF3F!$E12 -> -0.046272 | E12: ='FF25'!E12-FF3F!$E12 -> -0.014123 | F12: ='FF25'!F12-FF3F!$E12 -> -0.038621 | G12: ='FF25'!G12-FF3F!$E12 -> -0.066542 | H12: ='FF25'!H12-FF3F!$E12 -> 0.018467 | I12: ='FF25'!I12-FF3F!$E12 -> -0.038653 | ... Z12: ='FF25'!Z12-FF3F!$E12 -> -0.1263
A13: 11323 | B13: ='FF25'!B13-FF3F!$E13 -> -0.185051 | C13: ='FF25'!C13-FF3F!$E13 -> -0.252968 | D13: ='FF25'!D13-FF3F!$E13 -> -0.245265 | E13: ='FF25'!E13-FF3F!$E13 -> -0.143504 | F13: ='FF25'!F13-FF3F!$E13 -> -0.170773 | G13: ='FF25'!G13-FF3F!$E13 -> -0.144365 | H13: ='FF25'!H13-FF3F!$E13 -> -0.1153 | I13: ='FF25'!I13-FF3F!$E13 -> -0.131325 | ... Z13: ='FF25'!Z13-FF3F!$E13 -> -0.3014
... A1138: 45565 | B1138: ='FF25'!B1138-FF3F!$E1138 -> 0.015338 | C1138: ='FF25'!C1138-FF3F!$E1138 -> 0.003913 | D1138: ='FF25'!D1138-FF3F!$E1138 -> -0.021682 | E1138: ='FF25'!E1138-FF3F!$E1138 -> -0.014711 | F1138: ='FF25'!F1138-FF3F!$E1138 -> -0.00445 | G1138: ='FF25'!G1138-FF3F!$E1138 -> 0.002807 | H1138: ='FF25'!H1138-FF3F!$E1138 -> 0.010543 | I1138: ='FF25'!I1138-FF3F!$E1138 -> 0.003696 | ... Z1138: ='FF25'!Z1138-FF3F!$E1138 -> -0.009379

Sheet FF3F
A1: Date | B1: Market | C1: SMB | D1: HML | E1: T-Bills | F1: Excess Market | G1: SMB | H1: HML
A2: 10989 | B2: 0.0561 | C2: 0.0355 | D2: -0.0096 | E2: 0.0014 | F2: =B2-E2 -> 0.0547 | G2: 0.0355 | H2: -0.0096
A3: 11017 | B3: 0.025 | C3: 0.0019 | D3: 0.002 | E3: 0.003 | F3: =B3-E3 -> 0.022 | G3: 0.0019 | H3: 0.002
A4: 11048 | B4: 0.071 | C4: 0.0341 | D4: 0.0033 | E4: 0.0035 | F4: =B4-E4 -> 0.0675 | G4: 0.0341 | H4: 0.0033
A5: 11078 | B5: -0.0206 | C5: -0.0035 | D5: -0.0035 | E5: 0.0021 | F5: =B5-E5 -> -0.0227 | G5: -0.0035 | H5: -0.0035
A6: 11107 | B6: -0.0166 | C6: -0.0201 | D6: -0.0073 | E6: 0.0026 | F6: =B6-E6 -> -0.0192 | G6: -0.0201 | H6: -0.0073
A7: 11139 | B7: -0.1627 | C7: -0.0338 | D7: 0.0233 | E7: 0.0027 | F7: =B7-E7 -> -0.1654 | G7: -0.0338 | H7: 0.0233
A8: 11170 | B8: 0.0412 | C8: -0.0028 | D8: -0.0175 | E8: 0.002 | F8: =B8-E8 -> 0.0392 | G8: -0.0028 | H8: -0.0175
A9: 11199 | B9: 0.003 | C9: -0.021 | D9: -0.0061 | E9: 0.0009 | F9: =B9-E9 -> 0.0021 | G9: -0.021 | H9: -0.0061
A10: 11231 | B10: -0.1275 | C10: -0.0221 | D10: -0.0496 | E10: 0.0022 | F10: =B10-E10 -> -0.1297 | G10: -0.0221 | H10: -0.0496
A11: 11262 | B11: -0.0878 | C11: -0.0012 | D11: -0.0138 | E11: 0.0009 | F11: =B11-E11 -> -0.0887 | G11: -0.0012 | H11: -0.0138
A12: 11291 | B12: -0.0304 | C12: 0.0223 | D12: -0.0366 | E12: 0.0013 | F12: =B12-E12 -> -0.0317 | G12: 0.0223 | H12: -0.0366
A13: 11323 | B13: -0.0783 | C13: -0.046 | D13: -0.0525 | E13: 0.0014 | F13: =B13-E13 -> -0.0797 | G13: -0.046 | H13: -0.0525
... A1138: 45565 | B1138: 0.0174 | C1138: -0.0017 | D1138: -0.0259 | E1138: 0.004 | F1138: =B1138-E1138 -> 0.0134 | G1138: -0.0017 | H1138: -0.0259

Sheet CAPM TEST
B1: s1b1 | C1: s1b2 | D1: s1b3 | E1: s1b4 | F1: s1b5 | G1: s2b1 | H1: s2b2 | I1: s2b3 | J1: s2b4 | K1: s2b5 | L1: s3b1 | M1: s3b2 | N1: s3b3 | O1: s3b4 | P1: s3b5 | Q1: s4b1 | R1: s4b2 | S1: s4b3 | T1: s4b4 | U1: s4b5 | V1: s5b1 | W1: s5b2 | X1: s5b3 | Y1: s5b4 | Z1: s5b5
A2: Risk premium | B2: =AVERAGE('FF25 Excess'!B2:B1138) -> 0.0057633069 | C2: =AVERAGE('FF25 Excess'!C2:C1138) -> 0.0074097432 | D2: =AVERAGE('FF25 Excess'!D2:D1138) -> 0.010664708 | E2: =AVERAGE('FF25 Excess'!E2:E1138) -> 0.011885943 | F2: =AVERAGE('FF25 Excess'!F2:F1138) -> 0.013546894 | G2: =AVERAGE('FF25 Excess'!G2:G1138) -> 0.0067309208 | H2: =AVERAGE('FF25 Excess'!H2:H1138) -> 0.0095658962 | I2: =AVERAGE('FF25 Excess'!I2:I1138) -> 0.0099069006 | ... Z2: =AVERAGE('FF25 Excess'!Z2:Z1138) -> 0.0092545119
A3: Market Beta | B3: =SLOPE('FF25 Excess'!B2:B1138,FF3F!$F$2:$F$1138) -> 1.6107111 | C3: =SLOPE('FF25 Excess'!C2:C1138,FF3F!$F$2:$F$1138) -> 1.3994238 | D3: =SLOPE('FF25 Excess'!D2:D1138,FF3F!$F$2:$F$1138) -> 1.414047 | E3: =SLOPE('FF25 Excess'!E2:E1138,FF3F!$F$2:$F$1138) -> 1.2634294 | F3: =SLOPE('FF25 Excess'!F2:F1138,FF3F!$F$2:$F$1138) -> 1.3663975 | G3: =SLOPE('FF25 Excess'!G2:G1138,FF3F!$F$2:$F$1138) -> 1.2789964 | H3: =SLOPE('FF25 Excess'!H2:H1138,FF3F!$F$2:$F$1138) -> 1.2296454 | I3: =SLOPE('FF25 Excess'!I2:I1138,FF3F!$F$2:$F$1138) -> 1.2023892 | ... Z3: =SLOPE('FF25 Excess'!Z2:Z1138,FF3F!$F$2:$F$1138) -> 1.3092275
B4: =_xlfn.FORMULATEXT(B3) -> =SLOPE('FF25 Excess'!B2:B1138,FF3F!$F$2:$F$1138)
A6: Reshape the rows into 5X5 matrices
A7: 5X5 matrix of Risk premiums
C8: book-to-market bins
C9: b1 | D9: b2 | E9: b3 | F9: b4 | G9: b5
A10: size bins | B10: s1 | C10: {=INDEX(B2:Z2, _xlfn.SEQUENCE(5,5))} -> 0.0057633069 | D10: 0.0074097432 | E10: 0.010664708 | F10: 0.011885943 | G10: 0.013546894
B11: s2 | C11: 0.0067309208 | D11: 0.0095658962 | E11: 0.0099069006 | F11: 0.010744165 | G11: 0.012413215
B12: s3 | C12: 0.0074872489 | D12: 0.0089814714 | E12: 0.009071394 | F12: 0.010255569 | G12: 0.011012318
B13: s4 | C13: 0.0072426359 | D13: 0.0079545919 | E13: 0.0085610818 | F13: 0.0095560299 | G13: 0.010293373
B14: s5 | C14: 0.006606679 | D14: 0.0061308971 | E14: 0.007014102 | F14: 0.0064579789 | G14: 0.0092545119
C16: =_xlfn.FORMULATEXT(C10) -> =INDEX(B2:Z2, SEQUENCE(5,5))
A17: 5X5 matrix of market betas
C18: book-to-market bins
C19: b1 | D19: b2 | E19: b3 | F19: b4 | G19: b5
A20: size bins | B20: s1 | C20: {=INDEX(B3:Z3,_xlfn.SEQUENCE(5,5))} -> 1.6107111 | D20: 1.3994238 | E20: 1.414047 | F20: 1.2634294 | G20: 1.3663975
B21: s2 | C21: 1.2789964 | D21: 1.2296454 | E21: 1.2023892 | F21: 1.2124139 | G21: 1.3838148
B22: s3 | C22: 1.2517737 | D22: 1.1261116 | E22: 1.1250298 | F22: 1.1830779 | G22: 1.3563986
B23: s4 | C23: 1.0781917 | D23: 1.0874004 | E23: 1.1061257 | F23: 1.1729521 | G23: 1.4015714
B24: s5 | C24: 0.94875732 | D24: 0.93146259 | E24: 0.96454212 | F24: 1.1018735 | G24: 1.3092275
C26: =_xlfn.FORMULATEXT(C20) -> =INDEX(B3:Z3,SEQUENCE(5,5))

Sheet FF Test
B1: s1b1 | C1: s1b2 | D1: s1b3 | E1: s1b4 | F1: s1b5 | G1: s2b1 | H1: s2b2 | I1: s2b3 | J1: s2b4 | K1: s2b5 | L1: s3b1 | M1: s3b2 | N1: s3b3 | O1: s3b4 | P1: s3b5 | Q1: s4b1 | R1: s4b2 | S1: s4b3 | T1: s4b4 | U1: s4b5 | V1: s5b1 | W1: s5b2 | X1: s5b3 | Y1: s5b4 | Z1: s5b5
A7: Sample FF Regression:
